{"_runtime":20511.019981387,"train_loss":3.8749557706383024,"_timestamp":1.7705988840319116e+09,"dev_loss":3.460900625852755,"_step":50,"_wandb":{"runtime":20511}}