{"_wandb":{"runtime":9169},"train_loss":5.863755695614896,"_timestamp":1.7706972525047753e+09,"dev_loss":4.939133424064955,"_step":25,"_runtime":9169.734159483}