{"_runtime":9273.445902383,"_wandb":{"runtime":9273},"_step":25,"train_loss":5.863755695614896,"_timestamp":1.770578379737122e+09,"dev_loss":4.939133424064955}