{"train_loss":3.715403111518787,"_timestamp":1.7716149994841363e+09,"dev_loss":3.3933322964724617,"_step":50,"_wandb":{"runtime":11685},"_runtime":11685.638616754}