{"_runtime":20334.316727674,"train_loss":3.8749557706383024,"_timestamp":1.7707175782441509e+09,"dev_loss":3.460900625852755,"_step":50,"_wandb":{"runtime":20334}}