{"_step":99,"train_loss":7.119474044536336,"_timestamp":1.7714487094957945e+09,"dev_loss":5.832749883620128,"_wandb":{"runtime":21003},"_runtime":21003.91185771}