{"dev_loss":3.3933322964724617,"_step":50,"_runtime":11847.272165564,"_wandb":{"runtime":11847},"train_loss":3.715403111518787,"_timestamp":1.7714205151331298e+09}