{"_runtime":18000.279795557,"_step":85,"train_loss":5.5083107850203,"_timestamp":1.7714086754479918e+09,"dev_loss":4.652969464101434,"_wandb":{"runtime":18000}}