{"dev_loss":4.809129289745941,"_step":81,"train_loss":5.574299859965574,"_timestamp":1.77138575980114e+09,"_wandb":{"runtime":30951},"_runtime":30951.811000271}