{"_step":50,"train_loss":3.715403111518787,"_timestamp":1.77158451747227e+09,"dev_loss":3.3933322964724617,"_wandb":{"runtime":11536},"_runtime":11536.450430791}