{"_wandb":{"runtime":9093},"_runtime":9093.814045314,"_timestamp":1.7697563923829656e+09,"dev_loss":4.939133424064955,"_step":25,"train_loss":5.863755695614896}