{"_timestamp":1.771572989030891e+09,"dev_loss":4.652969464101434,"_step":85,"train_loss":5.5083107850203,"_wandb":{"runtime":18119},"_runtime":18119.467669522}