{"_runtime":17760.825053517,"train_loss":5.5083107850203,"_timestamp":1.7716033120669277e+09,"dev_loss":4.652969464101434,"_step":85,"_wandb":{"runtime":17760}}