{"train_loss":3.8749557706383024,"_timestamp":1.769776883340008e+09,"dev_loss":3.460900625852755,"_wandb":{"runtime":20499},"_runtime":20499.136204676,"_step":50}