{"_runtime":11880.651856513,"dev_loss":3.418923158381102,"_step":50,"train_loss":3.7885893154985144,"_timestamp":1.7714605821012201e+09,"_wandb":{"runtime":11880}}